Workbook
Name _10mm: #REF!
Name _12mm: #REF!
Name _16mm: #REF!
Name _20mm: #REF!
Name _25mm: #REF!
Name Class: #REF!
Name Steel_Size: #REF!

Sheet july24
C2: ZAHEER KHAN AND BROTHERS
C3: Project: | D3: Lot-2 Bhiria to Rani Pur Highway
D4: Daily Steel report
A5: Dated Upto 24/07/025 | B5: 10MM, 3/8" | C5: 12MM, 1/2" | D5: 16MM, 5/8" | E5: 20MM, 3/4" | F5: 25MM, 1" | G5: Total Steel Kgs | H5: Remarks
A6: Steel Previous Balance Kgs | B6: 5085 | C6: 91642 | D6: 5009 | E6: 24829 | F6: 29975 | G6: 156540 | H6: Total Steel | J6: =SUM(B6:F6) -> 156540
A7: Steel Used Kgs | B7: 0 | C7: 31500 | D7: 0 | E7: 9011 | F7: 6839 | G7: 47350 | H7: Used Steel
A8: Steel Remaining Balance Kgs | B8: 5085 | C8: 60142 | D8: 5009 | E8: 15818 | F8: 23136 | G8: 109190 | H8: Remaining Balance

Sheet July 26
C2: ZAHEER KHAN AND BROTHERS
C3: Project: | D3: Lot-2 Bhiria to Rani Pur Highway
D4: Daily Steel report
A5: Dated 27/07/025 | B5: 10MM, 3/8" | C5: 12MM, 1/2" | D5: 16MM, 5/8" | E5: 20MM, 3/4" | F5: 25MM, 1" | G5: Total Steel Kgs | H5: Remarks
A6: Steel Previous Balance Kgs | B6: 5085 | C6: 60142 | D6: 5009 | E6: 15818 | F6: 23136 | G6: 109190 | H6: Total Steel
A7: Steel Used Kgs | B7: 0 | C7: 790.02 | D7: 0 | E7: 0 | F7: 3144.24 | G7: 3934.26 | H7: 3934.26 Steel used RD 387+060
A8: Steel Used Kgs | B8: 0 | C8: 3589.332 | D8: 0 | E8: 0 | F8: 0 | G8: 3589.33 | H8: Steel Used RD 361+500
A9: Steel Remaining Balance Kgs | B9: 5085 | C9: 55762.65 | D9: 5009 | E9: 15818 | F9: 19991.76 | G9: 101666.41 | H9: Remaining Balance

Sheet JULY 28
C3: ZAHEER KHAN AND BROTHERS
C4: Project: | D4: Lot-2 Bhiria to Rani Pur Highway
D5: Daily Steel report
A6: Dated 28/07/025 | B6: 10MM, 3/8" | C6: 12MM, 1/2" | D6: 16MM, 5/8" | E6: 20MM, 3/4" | F6: 25MM, 1" | G6: Total Steel Kgs | H6: Remarks
A7: Steel Previous Balance Kgs | B7: 5085 | C7: 55762.65 | D7: 5009 | E7: 15818 | F7: 19991.76 | G7: 101666.41 | H7: Total Steel
A8: Steel Used Kgs | B8: 0 | C8: 1038.998 | D8: 0 | E8: 365.199 | F8: 0 | G8: 1404.2 | H8: Steel Used RD 386+150 | J8: Upto July according to Engineer report Total 53.56 Steel 12mm used in Culverts
A9: Balance Remaining | B9: 5085 | C9: 54723.65 | D9: 5009 | E9: 15452.8 | F9: 19991.76 | G9: 100262.21 | H9: Remaining Balance

Sheet July29
C3: ZAHEER KHAN AND BROTHERS
C4: Project: | D4: Lot-2 Bhiria to Rani Pur Highway
D5: Daily Steel report
A6: Dated 29/07/025 | B6: 10MM, 3/8" | C6: 12MM, 1/2" | D6: 16MM, 5/8" | E6: 20MM, 3/4" | F6: 25MM, 1" | G6: Total Steel Kgs | H6: Remarks
A7: Steel Previous Balance Kgs | B7: 5085 | C7: 54723.65 | D7: 5009 | E7: 15452.8 | F7: 19991.76 | G7: 100262.21 | H7: Opening Balance
A8: Steel Used Kgs RD 371+360 Kan | B8: 0 | C8: 1656.83 | D8: 0 | E8: 365.99 | F8: 0 | G8: 2022.82 | H8: Steel Used RD 371+360 Kandyaro | J8: Upto July according to Engineer report Total 53.56 Steel 12mm used in Culverts
A9: Balance Remaining | B9: 5085 | C9: 53066.82 | D9: 5009 | E9: 15086.81 | F9: 19991.76 | G9: 98239.39 | H9: Remaining Balance

Sheet July 29-1
C3: ZAHEER KHAN AND BROTHERS
C4: Project: | D4: Lot-2 Bhiria to Rani Pur Highway
D5: Daily Steel report
A6: Dated 29/07/025 | B6: 10MM, 3/8" | C6: 12MM, 1/2" | D6: 16MM, 5/8" | E6: 20MM, 3/4" | F6: 25MM, 1" | G6: Total Steel Kgs | H6: Remarks
A7: Steel Previous Balance Kgs | B7: 5085 | C7: 53066.82 | D7: 5009 | E7: 15086.81 | F7: 19991.76 | G7: 98239.39 | H7: Opening Balance
A8: Steel Used Kgs RD 385+175 | B8: 0 | C8: 1056.43 | D8: 0 | E8: 1732.13 | F8: 0 | G8: 2788.56 | H8: Steel Used RD 386+175 Kotri Kabir
A9: Balance Remaining | B9: 5085 | C9: 52010.39 | D9: 5009 | E9: 13354.68 | F9: 19991.75 | G9: 95450.83 | H9: Remaining Balance

Sheet July 30
C3: ZAHEER KHAN AND BROTHERS
C4: Project: | D4: Lot-2 Bhiria to Rani Pur Highway
D5: Daily Steel report
A6: Dated 29/07/025 | B6: 10MM, 3/8" | C6: 12MM, 1/2" | D6: 16MM, 5/8" | E6: 20MM, 3/4" | F6: 25MM, 1" | G6: Total Steel Kgs | H6: Remarks
A7: Steel Previous Balance Kgs | B7: 5085 | C7: 91642 | D7: 5009 | E7: 13354.68 | F7: 19991.75 | G7: 95450.83 | H7: Opening Balance
A8: Steel Used Kgs RD 385+175 | B8: 0 | C8: 0 | D8: 0 | E8: 1231.04 | F8: 0 | G8: 1231.04 | H8: RD 385+175 Kotri Kabir
A9: Used in Plant,RD361+500 | B9: 0 | C9: Upto July29/07/025 Steel Used=53560kgs ,29-30/07/025 Steel Used=3520Kgs, Total Steel Used 57080.0 Kgs | D9: 0 | E9: 6110 | F9: 0 | G9: 6622.11 | H9: Used in Plant | J9: 20mm 6119 Kgs Used in Plant
A10: Balance Remaining | B10: 5085 | C10: 34562 | D10: 5009 | E10: 6013.64 | F10: 19991.75 | G10: 70661.39 | H10: Balance Remaining | J10: 12mm 53560 Kgs used upto 29/07/025

Sheet Summary Steel & Cement
A1: ZAHIR KHAN AND BROTHERS
A2: Project: Lot-2 Bhiria to Rani Pur Highway
A3: Steel Summary | E3: From | F3: 45748 | G3: To | H3: 45882
A4: S.No | B4: Steel Size | D4: Steel Received (KG) | E4: Steel Used (KG) | F4: Steel Remaining (KG) | H4: Remarks
A5: 1 | B5: 10mm | C5: 3/8" | D5: =_xlfn.LET(_xlpm.Total, SUMIFS(Table13[Total Steel Received], Table13[Steel Bar Size],'Summary Steel & Cement'!$B5, Table13[Date],">="&'Summary Steel & Cement'!$F$3, Table13[Date],"<="&'Summary Steel & Cement'!$H$3), IF(_xlpm.Total=0,"-",_xlpm.Total)) -> 5085 | E5: =_xlfn.LET(_xlpm.Total, SUMIFS(Table12[Total Consumed], Table12[Steel Bar Size],'Summary Steel & Cement'!$B5, Table12[Date],">="&'Summary Steel & Cement'!$F$3, Table12[Date],"<="&'Summary Steel & Cement'!$H$3), IF(_xlpm.Total=0,"-",_xlpm.Total)) -> - | F5: =IF(AND(ISNUMBER(D5),ISNUMBER(E5)),D5-E5,"-") -> - | H5: -
A6: 2 | B6: 12mm | C6: 1/2" | D6: =_xlfn.LET(_xlpm.Total, SUMIFS(Table13[Total Steel Received], Table13[Steel Bar Size],'Summary Steel & Cement'!$B6, Table13[Date],">="&'Summary Steel & Cement'!$F$3, Table13[Date],"<="&'Summary Steel & Cement'!$H$3), IF(_xlpm.Total=0,"-",_xlpm.Total)) -> 91642 | E6: =_xlfn.LET(_xlpm.Total, SUMIFS(Table12[Total Consumed], Table12[Steel Bar Size],'Summary Steel & Cement'!$B6, Table12[Date],">="&'Summary Steel & Cement'!$F$3, Table12[Date],"<="&'Summary Steel & Cement'!$H$3), IF(_xlpm.Total=0,"-",_xlpm.Total)) -> 5603.1581 | F6: =IF(AND(ISNUMBER(D6),ISNUMBER(E6)),D6-E6,"-") -> 86038.842 | H6: -
A7: 3 | B7: 16mm | C7: 5/8" | D7: =_xlfn.LET(_xlpm.Total, SUMIFS(Table13[Total Steel Received], Table13[Steel Bar Size],'Summary Steel & Cement'!$B7, Table13[Date],">="&'Summary Steel & Cement'!$F$3, Table13[Date],"<="&'Summary Steel & Cement'!$H$3), IF(_xlpm.Total=0,"-",_xlpm.Total)) -> 55009 | E7: =_xlfn.LET(_xlpm.Total, SUMIFS(Table12[Total Consumed], Table12[Steel Bar Size],'Summary Steel & Cement'!$B7, Table12[Date],">="&'Summary Steel & Cement'!$F$3, Table12[Date],"<="&'Summary Steel & Cement'!$H$3), IF(_xlpm.Total=0,"-",_xlpm.Total)) -> 2464.7312 | F7: =IF(AND(ISNUMBER(D7),ISNUMBER(E7)),D7-E7,"-") -> 52544.269 | H7: - | I7: Difference
A8: 4 | B8: 20mm | C8: 3/4" | D8: =_xlfn.LET(_xlpm.Total, SUMIFS(Table13[Total Steel Received], Table13[Steel Bar Size],'Summary Steel & Cement'!$B8, Table13[Date],">="&'Summary Steel & Cement'!$F$3, Table13[Date],"<="&'Summary Steel & Cement'!$H$3), IF(_xlpm.Total=0,"-",_xlpm.Total)) -> 24829 | E8: =_xlfn.LET(_xlpm.Total, SUMIFS(Table12[Total Consumed], Table12[Steel Bar Size],'Summary Steel & Cement'!$B8, Table12[Date],">="&'Summary Steel & Cement'!$F$3, Table12[Date],"<="&'Summary Steel & Cement'!$H$3), IF(_xlpm.Total=0,"-",_xlpm.Total)) -> 6.0345 | F8: =IF(AND(ISNUMBER(D8),ISNUMBER(E8)),D8-E8,"-") -> 24822.965 | H8: -
A9: 5 | B9: 25mm | C9: 1" | D9: =_xlfn.LET(_xlpm.Total, SUMIFS(Table13[Total Steel Received], Table13[Steel Bar Size],'Summary Steel & Cement'!$B9, Table13[Date],">="&'Summary Steel & Cement'!$F$3, Table13[Date],"<="&'Summary Steel & Cement'!$H$3), IF(_xlpm.Total=0,"-",_xlpm.Total)) -> 29975 | E9: =_xlfn.LET(_xlpm.Total, SUMIFS(Table12[Total Consumed], Table12[Steel Bar Size],'Summary Steel & Cement'!$B9, Table12[Date],">="&'Summary Steel & Cement'!$F$3, Table12[Date],"<="&'Summary Steel & Cement'!$H$3), IF(_xlpm.Total=0,"-",_xlpm.Total)) -> - | F9: =IF(AND(ISNUMBER(D9),ISNUMBER(E9)),D9-E9,"-") -> - | H9: -
D10: Total Steel Received | E10: Total Steel Used | F10: Remaining Steel Stock
A11: Steel Summary | D11: =SUM(D5:D9) -> 206540 | E11: =SUM(E5:E9) -> 8073.9238 | F11: =SUM(F5:G9) -> 163406.08
D12: =D11/1000 -> 206.54 | E12: =E11/1000 -> 8.0739238 | F12: =F11/1000 -> 163.40608
A13: Note: No record exists for steel usage prior to 24th July 2025. All available records pertain to usage after this date
A14: نوٹ: 24 جولائی 2025 سےپہلے استعمال شدہ اسٹیل کا کوئی ریکارڈ دستیاب نہیں ہے۔ لہٰذا تمام دستیاب ریکارڈز 24 جولائی 2025 کے بعد کے ہیں۔
A17: Cement Summary | E17: From | F17: 45848 | G17: To | H17: 45878
A18: Cement | E18: Received | F18: =_xlfn.LET(_xlpm.Total, SUMIFS(Cement_Data!$V$3:$V$12, Cement_Data!$K$3:$K$12,">="&'Summary Steel & Cement'!$F$17, Cement_Data!$K$3:$K$12,"<="&'Summary Steel & Cement'!$H$17), IF(_xlpm.Total=0,"-",_xlpm.Total)) -> 324735 | H18: =F18/1000 -> 324.735
E19: Consumed | F19: =_xlfn.LET(_xlpm.total, SUMIFS(Cement_Data!$G$3:$G$74, Cement_Data!B3:B74,">="&'Summary Steel & Cement'!$F$17, Cement_Data!B3:B74,"<="&'Summary Steel & Cement'!$H$17), IF(_xlpm.total=0,"-",_xlpm.total)) -> 376520 | H19: =F19/1000 -> 376.52
A20: Cement StockRemaing | F20: =F19-F18 -> 51785 | H20: =H19-H18 -> 51.785
A22: Note: All records related to cement are available from 10th July, 2025 onward. No data or documentation exists prior to this date.
A23: نوٹ: سیمنٹ سے متعلق تمام ریکارڈز 10 جولائی 2025 سے دستیاب ہیں۔ اس تاریخ سے پہلے کا کوئی ریکارڈ موجود نہیں ہے۔

Sheet Cement_Data
A1: Cement_Comsumed | J1: Cement_Received
A2: S.No | B2: Date | C2: Class | D2: Material | E2: Standard Volume cement consume (Per CF) | F2: Total Cubic meter (Consumed) | G2: Cement Consumed | H2: Remarks | J2: S.No | K2: Date | L2: Description | M2: Unit | N2: Order No | O2: Delivery Challan No | P2: Received | Q2: Vehicle No | R2: Driver Name | S2: Factory Weight Tons | T2: ZKB Waight | U2: Net Waight Stock | V2: KG | W2: Remarks
A3: 1 | B3: 45848 | C3: A3 Class | D3: Culvert | E3: 430 | F3: 14.5 | G3: =IF(AND(D3="",E3=""),"-",F3*E3) -> 6235 | H3: RD 362+480 to 362 +500 | J3: 1 | K3: 45775 | L3: Lucky Cement Loose Cement | M3: Tons | P3: 64.56 | Q3: GLTA-7767 | R3: 0 | S3: 65.9 | T3: 64.56 | U3: 64.56 | V3: =U3*1000 -> 64560 | W3: 64560
B4: 45848 | C4: A3 Class | D4: Concrete | E4: 280 | F4: 14 | G4: =IF(AND(D4="",E4=""),"-",F4*E4) -> 3920 | H4: - | J4: 2 | K4: 45807 | L4: Lucky Cement Loose Cement | M4: Tons | N4: 779180 | P4: 66.86 | Q4: RIS-3291 | R4: M.Yusuf | S4: 66.86 | T4: 66.86 | U4: 66.86 | V4: =U4*1000 -> 66860 | W4: 66860
B5: 45849 | C5: B Class | D5: Concrete | E5: 280 | F5: 13 | G5: =IF(AND(D5="",E5=""),"-",F5*E5) -> 3640 | H5: - | J5: 3 | K5: 45836 | L5: Lucky Cement Loose Cement | M5: Tons | N5: 782874 | O5: 84153379 | P5: 70.045 | Q5: TLR-192 | R5: Shafqat | S5: 69.51 | T5: 70.045 | U5: 70.045 | V5: =U5*1000 -> 70045 | W5: 70045
B6: 45850 | C6: B Class | E6: 280 | F6: 8 | G6: =IF(AND(D6="",E6=""),"-",F6*E6) -> 2240 | H6: - | J6: 4 | K6: 45836 | L6: Lucky Cement Loose Cement | M6: Tons | N6: 782874 | O6: 84153383 | P6: 68.88 | Q6: TLM-403 | R6: Yaseen | S6: 68.16 | T6: 68.88 | U6: 68.88 | V6: =U6*1000 -> 68880 | W6: 68880
B7: 45850 | C7: Lean | D7: culvert | E7: 220 | F7: 6 | G7: =IF(AND(D7="",E7=""),"-",F7*E7) -> 1320 | H7: - | K7: 45848 | V7: =U7*1000 -> 0 | W7: Today Opening Balance before this date I have no any record
B8: 45851 | C8: B Class | D8: Toe Wall Concrete | E8: 280 | F8: 9 | G8: =IF(AND(D8="",E8=""),"-",F8*E8) -> 2520 | H8: - | J8: 5 | K8: 45855 | L8: Lucky Cement Loose Cement | M8: Tons | N8: 785943 | O8: 84172975 | P8: 67.66 | Q8: TLM-404 | R8: Afzal Ahmad | S8: 67.28 | T8: 67.66 | U8: 67.66 | V8: =U8*1000 -> 67660
B9: 45851 | C9: A3 Class | D9: Concrete | E9: 430 | F9: 15.5 | G9: =IF(AND(D9="",E9=""),"-",F9*E9) -> 6665 | H9: - | J9: 6 | K9: 45855 | L9: Lucky Cement Loose Cement | M9: Tons | N9: 785943 | O9: 84173395 | P9: 66.795 | Q9: TLM-436 | R9: Munir Ahmed | S9: 66.38 | T9: 66.795 | U9: 66.795 | V9: =U9*1000 -> 66795
B10: 45851 | C10: Lean | D10: Culvert | E10: 220 | F10: 3 | G10: =IF(AND(D10="",E10=""),"-",F10*E10) -> 660 | H10: - | J10: 7 | K10: 45855 | L10: Lucky Cement Loose Cement | M10: Tons | N10: 785943 | O10: 84173507 | P10: 63.05 | Q10: RIS-3291 | R10: Qaim Khan | S10: 63.05 | T10: 63.19 | U10: 63.19 | V10: =U10*1000 -> 63190
B11: 45852 | C11: B Class | D11: Toe Wall | E11: 280 | F11: 25 | G11: =IF(AND(D11="",E11=""),"-",F11*E11) -> 7000 | H11: - | J11: 8 | K11: 45866 | L11: Lucky Cement Loose Cement | M11: Tons | N11: 788359 | O11: 84186542 | P11: 66.945 | Q11: TMF-332 | R11: Asif Ali | S11: 66.6 | T11: 66.945 | U11: 66.6 | V11: =U11*1000 -> 66600
A12: 2 | B12: 45852 | C12: Lean | D12: Lean Culvert Concrete | E12: 220 | F12: 3 | G12: =IF(AND(D12="",E12=""),"-",F12*E12) -> 660 | H12: RD 363+920 | J12: 9 | K12: 45874 | L12: Lucky Cement Loose Cement | M12: Tons | N12: 788359 | O12: 84197842 | P12: 60.82 | Q12: TMF-332 | R12: Asif Ali | S12: 60.49 | T12: 60.82 | U12: 60.49 | V12: =U12*1000 -> 60490
A13: 3 | B13: 45853 | C13: A3 Class | D13: A3 Concret Culverte | E13: 430 | F13: 23 | G13: =IF(AND(D13="",E13=""),"-",F13*E13) -> 9890 | H13: -
A14: 4 | B14: 45853 | C14: Lean | D14: Lean Culvert Concrete | E14: 220 | F14: 3 | G14: =IF(AND(D14="",E14=""),"-",F14*E14) -> 660 | H14: -
A15: 5 | B15: 45853 | C15: B Class | D15: B Class Concreate | E15: 280 | F15: 8.5 | G15: =IF(AND(D15="",E15=""),"-",F15*E15) -> 2380 | H15: -
A16: 6 | B16: 45854 | C16: B Class | D16: Toe Wall B Class | E16: 280 | F16: 1.5 | G16: =IF(AND(D16="",E16=""),"-",F16*E16) -> 420 | H16: -
A17: 7 | B17: 45855 | C17: B Class | D17: Toe Wall 2nd B Class | E17: 280 | F17: 22 | G17: =IF(AND(D17="",E17=""),"-",F17*E17) -> 6160 | H17: -
A18: 8 | B18: 45855 | C18: A3 Class | D18: A3 Concret Culverte | E18: 430 | F18: 26 | G18: =IF(AND(D18="",E18=""),"-",F18*E18) -> 11180 | H18: -
A19: 9 | B19: 45855 | C19: A3 Class | D19: A3 Concret Culverte | E19: 430 | F19: 23.5 | G19: =IF(AND(D19="",E19=""),"-",F19*E19) -> 10105 | H19: -
A20: 10 | B20: 45855 | C20: Lean | D20: Lean Culvert Concrete | E20: 220 | F20: 6 | G20: =IF(AND(D20="",E20=""),"-",F20*E20) -> 1320 | H20: -
A21: 11 | B21: 45855 | C21: Lean | D21: Lean Culvert | E21: 220 | F21: 2.5 | G21: =IF(AND(D21="",E21=""),"-",F21*E21) -> 550 | H21: -
A22: 12 | B22: 45856 | C22: B Class | D22: Toe Wall 2nd B Class | E22: 280 | F22: 20 | G22: =IF(AND(D22="",E22=""),"-",F22*E22) -> 5600 | H22: -
A23: 13 | B23: 45856 | C23: A3 Class | D23: A3 Concret Culverte | E23: 430 | F23: 14 | G23: =IF(AND(D23="",E23=""),"-",F23*E23) -> 6020 | H23: -
A24: 14 | B24: 45857 | C24: B Class | D24: Toe Wall | E24: 280 | F24: 25 | G24: =IF(AND(D24="",E24=""),"-",F24*E24) -> 7000 | H24: -
... A74: 64 | B74: 45876 | C74: A3 Class | D74: Culvert Wall and Top Slab | E74: 430 | F74: 40.5 | G74: =IF(AND(D74="",E74=""),"-",F74*E74) -> 17415 | H74: -

Sheet Steel_Data
A1: Steel_Used
A2: S.No | B2: Date | C2: Steel Bar Size | D2: Weight | E2: Length of bar | F2: Qty Consumed | G2: Total Length | H2: Total Consumed | I2: Remarks
A3: 1 | B3: 45862 | C3: 12mm | D3: =VLOOKUP(C3,$D$32:$F$36,2,0) -> 0.994 | G3: =IF(E3="","-",E3) -> - | H3: =IF(E3="","-",E3*D3) -> - | I3: This Steel used from 01 April to 05 Aug2025
A4: 2 | B4: 45862 | C4: 20mm | D4: =VLOOKUP(C4,$D$32:$F$36,2,0) -> 2.235 | G4: =IF(E4="","-",E4) -> - | H4: =IF(E4="","-",E4*D4) -> - | I4: This Steel used from 01 April to 05 Aug2025
A5: 3 | B5: 45862 | C5: 25mm | D5: =VLOOKUP(C5,$D$32:$F$36,2,0) -> 3.978 | G5: =IF(E5="","-",E5) -> - | H5: =IF(E5="","-",E5*D5) -> - | I5: This Steel used from 01 April to 05 Aug2025
A6: 4 | B6: 45876 | C6: 12mm | D6: =VLOOKUP(C6,$D$32:$F$36,2,0) -> 0.994 | E6: 757.4 | F6: 1 | G6: =IF(E6="","-",E6) -> 757.4 | H6: =IF(E6="","-",E6*D6) -> 752.8556 | I6: Sikandar Ali Kandiaro RD361+100
A7: 5 | B7: 45876 | C7: 12mm | D7: =VLOOKUP(C7,$D$32:$F$36,2,0) -> 0.994 | E7: 337.7 | F7: 1 | G7: =IF(E7="","-",E7) -> 337.7 | H7: =IF(E7="","-",E7*D7) -> 335.6738 | I7: Sadam Chandio Kandiaro RD 371+580
A8: 6 | B8: 45876 | C8: 12mm | D8: =VLOOKUP(C8,$D$32:$F$36,2,0) -> 0.994 | E8: 3135.88 | F8: 1 | G8: =IF(E8="","-",E8) -> 3135.88 | H8: =IF(E8="","-",E8*D8) -> 3117.0647 | I8: Sadam Chandio Kandiaro RD 371+800
A9: 7 | B9: 45876 | C9: 20mm | D9: =VLOOKUP(C9,$D$32:$F$36,2,0) -> 2.235 | E9: 2.7 | F9: 1 | G9: =IF(E9="","-",E9) -> 2.7 | H9: =IF(E9="","-",E9*D9) -> 6.0345 | I9: Sadam Chandio RD 371+800
A10: 8 | B10: 45878 | C10: 12mm | D10: =VLOOKUP(C10,$D$32:$F$36,2,0) -> 0.994 | E10: 252.4 | F10: 1 | G10: =IF(E10="","-",E10) -> 252.4 | H10: =IF(E10="","-",E10*D10) -> 250.8856 | I10: Sadam RD 371+580 Kandiaro
A11: 9 | B11: 45878 | C11: 16mm | D11: =VLOOKUP(C11,$D$32:$F$36,2,0) -> 1.552 | E11: 308.1 | F11: 1 | G11: =IF(E11="","-",E11) -> 308.1 | H11: =IF(E11="","-",E11*D11) -> 478.1712 | I11: Sadam RD 371+580 Kandiaro
A12: 10 | B12: 45878 | C12: 12mm | D12: =VLOOKUP(C12,$D$32:$F$36,2,0) -> 0.994 | E12: 97.6 | F12: 1 | G12: =IF(E12="","-",E12) -> 97.6 | H12: =IF(E12="","-",E12*D12) -> 97.0144 | I12: Abid RD 361+500 Kanddiaro
A13: 11 | B13: 45878 | C13: 16mm | D13: =VLOOKUP(C13,$D$32:$F$36,2,0) -> 1.552 | E13: 1280 | F13: 1 | G13: =IF(E13="","-",E13) -> 1280 | H13: =IF(E13="","-",E13*D13) -> 1986.56 | I13: Abid RD 361+500 Kanddiaro
A14: 12 | B14: 45878 | C14: 12mm | D14: =VLOOKUP(C14,$D$32:$F$36,2,0) -> 0.994 | E14: 1056 | F14: 1 | G14: =IF(E14="","-",E14) -> 1056 | H14: =IF(E14="","-",E14*D14) -> 1049.664 | I14: Abid RD 361+500 Kanddiaro
A16: Steel_Received
B17: S.No | C17: Date | D17: Steel Bar Size | E17: Weight | F17: Total Steel Received | G17: Total Steel Received Ton | H17: Remarks
B18: 1 | C18: 45752 | D18: 12mm | E18: =VLOOKUP(D18,$D$32:$F$36,2,0) -> 0.994 | F18: 6010 | G18: =IF(F18="","-",F18/1000) -> 6.01 | H18: -
B19: 2 | C19: 45752 | D19: 25mm | E19: =VLOOKUP(D19,$D$32:$F$36,2,0) -> 3.978 | F19: 19945 | G19: =IF(F19="","-",F19/1000) -> 19.945 | H19: -
B20: 3 | C20: 45767 | D20: 10mm | E20: =VLOOKUP(D20,$D$32:$F$36,2,0) -> 0.558 | F20: 5085 | G20: =IF(F20="","-",F20/1000) -> 5.085 | H20: -
B21: 4 | C21: 45767 | D21: 12mm | E21: =VLOOKUP(D21,$D$32:$F$36,2,0) -> 0.994 | F21: 24915 | G21: =IF(F21="","-",F21/1000) -> 24.915 | H21: -
B22: 5 | C22: 45767 | D22: 20mm | E22: =VLOOKUP(D22,$D$32:$F$36,2,0) -> 2.235 | F22: 14980 | G22: =IF(F22="","-",F22/1000) -> 14.98 | H22: -
B23: 6 | C23: 45767 | D23: 25mm | E23: =VLOOKUP(D23,$D$32:$F$36,2,0) -> 3.978 | F23: 10030 | G23: =IF(F23="","-",F23/1000) -> 10.03 | H23: -
B24: 7 | C24: 45851 | D24: 12mm | E24: =VLOOKUP(D24,$D$32:$F$36,2,0) -> 0.994 | F24: 35787 | G24: =IF(F24="","-",F24/1000) -> 35.787 | H24: -
B25: 8 | C25: 45851 | D25: 16mm | E25: =VLOOKUP(D25,$D$32:$F$36,2,0) -> 1.552 | F25: 5009 | G25: =IF(F25="","-",F25/1000) -> 5.009 | H25: -
B26: 9 | C26: 45851 | D26: 20mm | E26: =VLOOKUP(D26,$D$32:$F$36,2,0) -> 2.235 | F26: 9849 | G26: =IF(F26="","-",F26/1000) -> 9.849 | H26: -
B27: 10 | C27: 45860 | D27: 12mm | E27: =VLOOKUP(D27,$D$32:$F$36,2,0) -> 0.994 | F27: 24930 | G27: =IF(F27="","-",F27/1000) -> 24.93 | H27: -
B28: 11 | C28: 45878 | D28: 16mm | E28: =VLOOKUP(D28,$D$32:$F$36,2,0) -> 1.552 | F28: 50000 | G28: =IF(F28="","-",F28/1000) -> 50 | H28: -
D30: Size/Weight/Unit
D31: Size | E31: weight | F31: Unit
D32: 10mm | E32: 0.558 | F32: kg/m
D33: 12mm | E33: 0.994 | F33: kg/m
D34: 16mm | E34: 1.552 | F34: kg/m
D35: 20mm | E35: 2.235 | F35: kg/m
D36: 25mm | E36: 3.978 | F36: kg/m
